Country/Region,unit,1990,1991,1992,1993,1994,1995,1996,1997,1998,1999,2000,2001,2002,2003,2004,2005,2006,2007,2008,2009,2010,2011,2012,2013,2014,2015,2016,2017,2018,2019
China,MtCO2e,2891.73,3039.14,3168.05,3397.80,3557.37,3960.70,3982.11,3977.65,4095.97,4028.58,4221.08,4430.04,4736.95,5387.28,6172.83,6934.85,7614.35,8224.19,8480.50,9055.11,9887.06,10388.48,10675.66,11168.26,11228.48,11108.86,11151.31,11385.48,11821.66,12055.41
United States,MtCO2e,5417.32,5372.07,5456.12,5567.55,5661.57,5729.69,5901.00,6160.86,6208.83,6210.12,6372.54,6335.10,6182.64,6245.34,6331.91,6352.14,6260.20,6367.28,6184.08,5757.60,6026.14,5811.96,5593.24,5734.28,5779.53,5665.20,5743.85,5689.61,5892.37,5771.00
India,MtCO2e,1002.56,1056.25,1081.28,1114.22,1158.48,1223.65,1272.74,1331.88,1362.33,1440.38,1477.87,1725.86,1744.38,1787.88,1876.85,1948.11,2045.40,2191.17,2289.14,2438.92,2546.79,2584.75,2740.40,2804.34,2984.52,3003.07,3076.48,3215.07,3360.56,3363.59
Indonesia,MtCO2e,1226.82,1246.27,1266.98,1282.35,1302.70,1339.10,1164.23,2134.80,1366.90,1258.63,1190.41,1018.47,1500.73,1168.00,1517.63,1245.04,1664.11,1107.10,1093.88,1487.25,1131.73,1683.13,1702.30,1638.39,2015.50,2067.75,1434.45,1447.22,1692.36,1959.71
Russia,MtCO2e,2648.36,2585.28,2428.18,2233.86,1995.87,1918.33,1874.95,1723.24,1725.07,1759.66,1812.87,1423.46,1422.39,1498.74,1491.42,1513.85,1553.64,1559.85,1570.09,1427.44,1521.96,1693.95,1674.58,1633.10,1621.85,1602.81,1733.91,1769.68,1868.15,1924.82
Brazil,MtCO2e,1638.68,1659.83,1669.79,1681.12,1697.94,1724.55,1729.84,1761.29,1796.63,1807.27,1809.18,1897.80,1932.79,1946.72,1993.39,2006.42,1998.22,2032.89,2036.16,2009.23,2109.66,1276.46,1319.48,1344.89,1384.99,1366.89,1455.86,1475.82,1434.51,1451.63
Japan,MtCO2e,1106.26,1121.71,1134.81,1128.24,1185.98,1201.33,1216.15,1204.17,1157.78,1184.10,1200.81,1156.68,1189.23,1197.12,1188.83,1190.09,1168.68,1204.37,1137.35,1078.70,1136.62,1243.96,1286.53,1298.56,1256.16,1220.73,1229.82,1214.59,1172.32,1134.45
Iran,MtCO2e,304.22,332.58,354.38,362.41,394.82,405.33,420.32,439.31,441.72,479.36,507.02,497.59,512.73,548.91,585.50,624.34,667.21,703.12,711.29,734.40,737.61,793.62,793.95,815.31,844.13,844.14,881.05,912.77,925.58,893.78
Canada,MtCO2e,606.91,602.81,617.15,613.16,631.24,646.48,668.42,679.96,696.18,695.27,712.83,938.32,959.31,981.22,977.90,992.10,980.87,1014.19,989.56,954.58,971.61,821.99,822.51,834.47,842.14,841.22,740.67,757.38,776.50,774.29
Saudi Arabia,MtCO2e,241.01,274.22,291.77,289.62,289.30,288.63,304.34,310.73,327.05,330.98,347.62,351.28,369.76,391.35,408.20,428.81,451.62,471.68,511.98,524.11,569.68,601.75,638.88,654.85,698.29,731.89,739.82,729.31,715.23,723.15
Germany,MtCO2e,1077.16,1049.84,1004.45,995.96,986.38,982.02,1012.11,974.96,951.88,914.04,906.43,958.16,941.97,943.14,926.57,904.60,913.40,884.97,887.83,831.35,861.83,821.26,834.47,850.84,809.96,814.64,817.47,800.21,771.48,720.23
Democratic Republic of the Congo,MtCO2e,430.77,429.39,429.54,431.04,432.52,432.58,428.89,435.55,437.45,429.55,425.81,417.58,429.83,437.10,440.11,440.48,442.84,436.22,440.32,439.95,442.37,676.09,673.04,677.01,677.77,679.91,680.03,682.01,676.86,679.57
Mexico,MtCO2e,426.29,445.04,447.97,465.29,491.88,471.42,490.07,513.22,546.58,530.80,558.02,464.85,473.91,499.56,508.41,532.56,552.90,564.88,569.44,559.85,576.98,679.06,687.03,674.64,663.46,681.94,689.71,688.06,669.63,670.84
South Korea,MtCO2e,238.32,266.53,291.96,323.65,351.89,384.86,412.98,438.91,373.64,411.56,469.57,468.70,461.26,469.04,492.96,488.31,496.62,506.54,519.43,533.37,585.40,619.12,622.55,622.99,612.48,633.40,648.88,662.63,669.70,652.66
Australia,MtCO2e,541.39,541.38,542.04,544.20,550.17,557.98,557.47,566.85,593.84,632.75,650.73,656.39,652.95,576.25,627.56,590.44,638.32,637.94,608.78,626.33,596.36,639.95,639.63,554.25,569.98,568.87,578.39,626.56,621.28,608.49
South Africa,MtCO2e,338.43,334.52,330.74,341.31,348.23,361.11,372.46,388.88,397.51,377.11,380.86,414.37,429.46,453.49,482.00,482.27,484.91,506.16,539.07,517.89,540.67,524.74,544.98,554.77,567.33,542.51,542.89,557.46,556.72,562.19
Turkey,MtCO2e,188.50,190.95,198.44,204.73,199.89,214.40,232.11,241.10,242.32,242.20,266.14,218.22,228.49,239.99,246.00,258.46,287.68,317.29,314.43,317.49,327.48,333.37,348.92,339.78,365.03,372.37,430.35,472.27,470.65,459.86
Pakistan,MtCO2e,167.90,171.26,180.84,190.59,197.22,207.99,215.08,221.75,225.55,238.55,240.86,243.29,249.66,258.99,276.72,285.37,304.82,322.30,324.73,335.35,329.41,336.67,340.73,352.33,365.57,379.96,406.11,432.92,428.62,439.49
Vietnam,MtCO2e,2.12,5.84,8.27,13.52,18.39,25.92,33.39,40.91,52.13,55.90,63.44,157.69,173.70,178.87,198.75,208.13,212.04,226.29,235.76,258.24,276.95,240.18,241.58,256.19,270.66,311.63,323.08,330.00,386.80,438.11
Thailand,MtCO2e,173.05,185.00,196.73,212.78,227.75,246.29,266.46,273.20,253.85,263.28,264.00,228.77,240.89,253.55,276.36,282.26,285.23,299.11,301.42,299.82,319.84,353.49,376.44,387.42,383.84,387.86,411.08,417.99,421.41,437.18
United Kingdom,MtCO2e,733.87,742.68,724.82,706.27,703.47,695.56,717.08,697.17,694.89,670.94,673.09,683.35,665.20,674.12,668.94,663.04,659.56,644.25,623.87,567.88,580.39,539.08,559.23,541.85,502.35,487.00,465.58,450.65,442.48,429.13
Argentina,MtCO2e,292.65,297.07,301.59,302.16,305.55,308.14,319.30,324.70,330.05,337.78,337.38,379.26,375.63,397.87,414.15,418.09,432.56,445.10,449.64,429.32,434.83,416.09,421.20,431.00,428.81,435.81,403.23,407.58,404.95,398.91
Malaysia,MtCO2e,197.12,208.08,210.77,217.44,225.19,232.31,241.31,252.65,282.08,260.08,271.82,262.89,278.81,288.92,314.12,328.00,324.08,349.26,361.34,357.81,370.38,146.34,148.39,169.28,202.09,187.53,377.38,360.65,384.04,396.11
Italy,MtCO2e,448.75,446.34,443.33,437.37,432.42,457.85,454.43,458.31,469.74,477.37,482.85,481.26,490.55,509.42,521.14,522.52,510.60,503.81,488.78,439.76,448.37,437.82,419.63,387.63,367.92,379.58,396.95,391.74,385.22,376.19
Nigeria,MtCO2e,267.92,283.90,298.58,295.34,290.32,294.62,320.13,310.65,293.97,282.05,293.25,289.50,273.79,293.20,293.44,298.02,285.92,276.61,282.60,268.87,293.77,304.25,307.78,321.55,331.28,325.43,335.84,340.02,345.70,354.33
France,MtCO2e,471.02,496.09,481.51,462.52,456.82,465.53,485.26,475.91,491.96,482.75,481.14,444.92,437.95,443.12,441.29,442.60,432.73,426.00,419.99,402.20,406.15,395.62,399.26,400.17,366.68,372.12,371.62,374.26,360.76,352.10
Egypt,MtCO2e,133.65,139.23,141.98,147.48,143.76,153.38,161.15,170.01,175.75,185.66,185.36,199.17,204.60,209.76,223.00,244.26,255.23,270.59,280.06,287.39,289.78,298.66,309.38,306.32,312.08,318.29,325.66,338.61,345.01,351.96
Iraq,MtCO2e,120.15,62.79,88.75,116.10,132.16,130.40,128.94,162.50,153.60,143.44,160.70,169.02,155.36,129.35,150.56,145.73,146.39,142.94,161.56,172.64,188.62,202.12,228.27,241.89,242.06,254.02,277.35,293.10,304.03,321.31
Poland,MtCO2e,407.18,406.01,395.06,395.62,390.47,390.21,404.83,394.45,365.47,354.92,341.25,280.73,274.29,285.78,289.93,291.35,305.72,306.25,300.04,285.25,303.69,344.31,337.34,331.54,318.34,321.50,326.54,339.46,337.70,320.23
Venezuela,MtCO2e,396.96,406.89,409.38,418.23,421.76,442.06,464.23,481.25,488.46,469.51,483.44,429.42,425.02,413.70,429.08,442.96,442.27,437.43,449.49,440.83,448.86,466.48,502.83,505.11,502.49,479.92,393.20,363.75,337.05,299.60
Spain,MtCO2e,232.97,239.06,248.91,234.11,247.01,260.74,254.12,275.57,285.01,309.60,326.92,348.63,365.33,374.33,390.45,405.09,399.09,415.37,382.06,345.31,330.13,340.89,334.52,308.14,306.84,317.43,301.85,318.40,311.00,293.08
Algeria,MtCO2e,121.40,125.57,126.53,135.01,136.96,143.90,146.97,146.88,149.15,154.61,163.60,156.90,162.66,175.30,178.19,185.65,193.51,196.61,202.05,204.28,207.48,215.21,234.99,239.46,252.91,262.52,265.60,269.38,278.23,282.23
Kazakhstan,MtCO2e,295.96,304.02,306.06,270.26,249.23,220.50,194.82,171.67,172.21,157.25,156.18,154.41,180.86,191.19,207.53,221.29,240.32,252.10,298.68,269.68,289.06,295.59,293.40,307.67,258.97,240.36,256.53,276.98,275.56,271.68
Colombia,MtCO2e,216.21,217.62,220.74,225.60,228.11,232.18,232.29,238.30,240.31,228.80,232.98,222.44,220.54,222.30,224.14,225.83,227.02,232.47,233.16,236.79,241.74,221.67,220.55,227.54,231.15,232.02,261.48,256.46,265.37,270.53
United Arab Emirates,MtCO2e,73.25,81.07,79.19,83.62,92.20,97.34,101.71,104.95,106.99,108.83,109.02,123.08,125.40,133.42,141.21,150.10,157.12,168.25,194.02,194.38,201.89,207.49,219.59,230.89,231.80,245.22,252.92,248.69,229.38,243.55
Myanmar,MtCO2e,208.11,207.52,210.26,212.93,215.57,218.72,216.32,214.00,220.31,225.43,222.35,201.76,200.54,212.15,225.23,216.65,221.37,230.63,217.73,227.87,232.86,203.37,212.03,214.56,222.16,228.50,221.94,234.67,240.11,242.95
Bangladesh,MtCO2e,116.94,117.15,119.30,120.75,123.37,128.57,129.12,131.37,131.28,135.40,137.75,143.29,146.80,148.74,150.67,155.64,161.72,164.71,173.48,177.67,185.71,191.01,194.92,199.00,203.97,214.10,215.72,224.83,229.78,237.70
Philippines,MtCO2e,97.98,97.84,99.86,105.28,112.50,124.44,132.97,141.12,134.56,139.76,141.19,140.35,142.02,145.27,148.70,149.78,143.02,148.95,152.18,154.88,160.48,162.25,167.31,178.26,185.85,194.80,207.41,223.54,229.42,236.79
Ukraine,MtCO2e,776.11,733.77,644.43,560.95,471.12,447.55,386.88,362.84,334.86,328.29,317.30,342.82,347.40,372.22,346.11,333.05,340.19,349.31,338.19,283.10,303.06,329.07,321.75,317.11,282.98,233.56,247.28,221.20,232.76,221.29
Peru,MtCO2e,104.15,103.05,103.71,104.78,107.16,112.07,115.78,116.73,117.59,121.81,122.42,125.53,127.46,127.39,131.45,133.05,132.47,136.45,141.38,145.51,150.21,178.45,178.76,180.65,184.40,186.12,189.98,187.47,187.80,190.66
Uzbekistan,MtCO2e,164.44,165.77,155.29,157.87,154.05,142.41,143.71,147.77,164.64,164.90,172.29,164.22,170.57,162.44,166.14,160.98,171.71,167.15,176.45,163.64,175.52,187.16,171.90,170.72,162.99,157.91,167.53,172.94,180.45,185.39
Ethiopia,MtCO2e,95.14,95.53,96.37,90.48,91.65,92.51,95.30,99.29,105.00,105.85,102.14,108.39,117.90,116.34,118.47,121.97,126.79,136.80,140.64,144.76,149.91,150.03,155.63,159.85,166.06,169.34,175.56,179.26,180.95,183.37
Netherlands,MtCO2e,203.82,209.14,208.48,213.82,213.45,218.67,229.53,221.47,221.68,209.39,207.40,208.19,207.98,207.92,209.65,203.87,199.22,198.71,196.04,190.97,201.63,188.71,187.09,186.76,179.56,187.82,188.71,184.71,178.62,173.59
Turkmenistan,MtCO2e,111.39,103.32,72.90,79.66,72.48,73.25,69.43,59.67,60.89,74.69,88.76,89.50,93.87,105.86,112.66,115.59,117.37,126.40,131.74,104.87,116.62,136.68,144.42,151.15,151.33,155.08,152.94,152.51,154.97,157.33
Tanzania,MtCO2e,98.20,98.48,98.60,99.22,99.96,104.12,97.46,97.12,101.34,101.45,98.85,103.58,109.07,117.40,116.56,122.53,117.28,119.40,122.02,124.18,127.25,129.05,133.67,135.57,136.29,142.55,153.60,152.72,151.98,154.89
Bolivia,MtCO2e,112.97,114.11,114.91,113.60,112.83,111.42,112.28,114.73,114.65,120.36,111.04,90.52,96.39,93.95,106.63,102.69,104.81,109.88,105.20,103.65,125.46,114.44,115.30,115.92,116.72,119.65,130.37,129.20,129.59,138.72
Kuwait,MtCO2e,39.04,10.59,32.08,46.33,53.99,53.81,53.86,56.45,61.21,63.97,69.81,72.90,74.77,79.91,85.07,94.33,97.97,95.99,102.91,103.17,107.34,113.05,117.62,121.86,121.10,125.97,131.71,131.10,133.83,136.69
Angola,MtCO2e,66.16,66.59,67.29,70.27,73.16,76.32,81.52,80.52,89.91,87.51,81.34,101.52,105.16,111.59,114.61,114.87,112.77,117.20,119.98,122.45,126.96,126.65,125.68,128.10,129.91,135.83,133.52,131.15,120.10,128.29
Sudan,MtCO2e,70.66,71.50,75.11,77.03,81.69,82.87,87.70,95.82,102.95,107.32,107.36,95.62,100.73,103.12,106.17,111.04,110.36,115.79,116.03,117.75,115.74,118.69,119.76,119.96,121.05,124.40,127.12,126.52,127.26,127.07
Libya,MtCO2e,87.43,92.23,83.82,91.15,105.57,113.81,116.82,109.17,109.06,105.88,110.66,106.86,105.88,114.61,119.42,129.42,131.68,128.21,133.12,130.08,137.33,75.58,132.61,114.94,97.29,90.01,90.21,112.27,121.57,126.69
Cameroon,MtCO2e,73.61,81.74,81.53,79.22,132.54,132.57,133.83,134.42,138.27,137.23,138.76,124.45,124.44,127.33,124.41,126.91,124.49,125.17,125.57,125.44,126.00,117.84,118.11,119.88,120.69,122.13,123.63,123.47,124.20,124.79
Zimbabwe,MtCO2e,42.69,42.98,43.81,40.25,39.98,39.80,41.71,40.83,42.12,44.46,41.58,42.67,39.91,37.46,37.54,38.27,37.20,37.74,35.80,36.77,39.54,42.18,42.29,42.17,40.39,42.30,115.92,115.59,118.22,117.96
Qatar,MtCO2e,15.38,18.43,18.02,20.81,23.30,24.01,26.48,33.13,34.45,37.40,38.00,37.54,41.40,44.95,48.26,49.70,55.81,63.23,67.81,69.56,78.53,88.22,96.61,98.53,103.59,106.79,109.37,110.06,109.18,114.76
Czech Republic,MtCO2e,172.53,155.82,151.40,146.75,139.45,139.38,140.99,138.51,131.91,123.83,134.66,136.86,131.25,135.60,136.14,133.07,134.07,137.03,131.99,124.37,125.80,126.35,123.67,117.91,114.51,116.83,117.17,116.77,115.40,110.77
Belgium,MtCO2e,126.86,131.77,129.82,127.62,132.98,133.14,138.49,135.31,138.07,134.22,134.25,135.68,128.35,131.74,130.29,126.54,123.54,118.87,121.13,114.16,121.73,110.77,109.55,110.53,104.15,109.06,110.54,108.47,109.22,108.22
Mozambique,MtCO2e,83.42,83.69,84.35,85.07,85.36,85.60,71.41,69.16,72.22,71.06,68.88,86.29,86.37,91.33,90.53,95.34,94.09,95.13,100.17,94.75,103.31,93.08,97.64,99.31,98.99,97.30,108.02,106.73,111.15,106.74
Chad,MtCO2e,24.92,31.33,32.21,33.21,34.18,35.21,38.41,40.11,44.67,46.50,46.59,50.59,54.85,54.46,58.06,59.88,61.49,64.00,64.78,65.41,69.51,81.20,85.00,86.98,89.57,95.01,97.20,98.71,103.21,105.68
Oman,MtCO2e,19.44,23.55,23.33,24.71,26.60,29.92,30.82,32.08,31.32,34.25,38.55,42.41,44.19,46.15,45.46,45.58,54.05,57.00,56.60,59.53,63.88,71.30,79.52,83.47,87.04,91.48,94.74,94.41,99.54,100.28
Ecuador,MtCO2e,73.52,74.22,76.71,78.30,81.49,83.97,88.05,89.94,88.26,85.40,84.69,81.76,81.42,82.56,86.67,88.43,90.92,90.60,92.32,95.84,99.41,88.04,87.93,90.98,92.63,91.16,98.96,97.66,98.83,98.70
Paraguay,MtCO2e,75.18,72.17,71.46,71.65,71.61,73.58,73.50,74.67,74.80,77.91,73.27,89.37,89.59,91.31,89.16,90.51,90.67,93.92,92.02,94.06,96.54,109.62,110.84,112.43,114.27,114.67,93.51,96.46,94.62,96.60
Zambia,MtCO2e,59.54,59.91,60.06,59.62,58.90,58.68,49.94,50.44,51.69,50.05,46.59,52.28,55.45,61.12,61.63,64.21,59.54,62.14,64.46,61.07,67.22,81.37,85.15,86.31,86.78,91.79,90.80,90.90,90.12,91.36
Morocco,MtCO2e,31.91,33.23,34.33,34.02,37.13,37.83,38.49,40.40,41.31,43.48,44.56,48.47,50.00,49.98,54.59,57.60,59.57,60.32,62.80,62.83,66.26,74.31,76.11,76.60,77.80,80.02,78.33,83.05,84.87,91.15
Israel,MtCO2e,44.08,45.16,47.95,52.03,55.37,59.22,62.33,65.37,66.72,68.94,73.82,73.68,75.66,76.47,77.58,76.22,80.50,83.66,84.34,83.81,89.28,89.04,95.54,87.08,85.24,87.19,87.03,88.56,84.85,87.26
North Korea,MtCO2e,161.17,153.89,139.97,130.75,121.52,114.02,102.31,94.38,86.03,90.14,93.67,92.10,89.14,90.98,93.21,96.52,98.63,85.96,94.10,77.54,74.37,61.65,63.26,52.46,56.61,50.21,55.35,80.47,76.86,82.69
Greece,MtCO2e,94.31,94.38,96.46,96.82,99.44,103.87,104.96,106.03,110.23,111.13,116.94,117.31,117.70,121.03,120.67,122.75,121.10,124.63,120.66,113.88,107.16,107.33,102.34,94.67,91.59,89.85,88.57,88.18,85.45,79.91
Romania,MtCO2e,224.74,186.41,166.73,155.93,151.83,157.38,161.04,149.46,133.45,117.65,121.63,123.19,120.27,125.19,123.55,122.97,126.55,124.20,122.18,106.40,103.54,-174.27,-176.58,-185.86,-186.55,-184.27,76.46,79.25,79.91,78.36
Kenya,MtCO2e,30.65,29.37,29.35,29.12,29.35,29.68,29.01,28.82,29.96,31.97,30.86,49.57,50.47,51.42,54.04,54.40,54.64,71.18,72.27,72.47,73.86,68.94,67.86,69.39,71.99,74.24,64.02,60.57,61.08,73.40
New Zealand,MtCO2e,45.24,44.91,45.74,44.93,46.41,47.66,48.02,50.51,48.87,51.12,51.30,57.06,58.71,61.20,59.85,61.33,61.50,60.39,60.23,57.42,57.23,62.91,65.46,65.09,65.61,65.47,70.20,71.83,71.19,72.59
Cambodia,MtCO2e,24.83,24.53,25.06,25.87,24.70,27.34,23.59,24.92,28.44,28.03,26.37,26.90,29.25,31.67,32.48,30.90,34.34,35.34,35.17,36.69,35.74,99.81,98.06,98.19,98.65,100.83,67.50,69.86,70.41,71.77
Austria,MtCO2e,63.14,67.42,61.60,61.53,61.60,64.08,67.86,66.81,66.81,65.00,65.18,76.84,78.17,83.28,84.11,84.19,81.93,78.89,78.46,71.55,77.34,74.46,71.26,71.80,68.08,69.27,69.60,71.53,68.32,69.80
Singapore,MtCO2e,30.86,34.00,36.63,43.09,46.62,47.93,49.32,49.41,48.75,49.97,54.82,54.74,54.00,50.88,52.36,49.63,50.07,51.33,51.62,52.16,55.90,58.96,58.56,59.45,60.61,62.33,63.81,67.59,66.56,67.26
Belarus,MtCO2e,104.75,99.71,86.09,73.30,60.13,52.10,52.92,53.33,51.33,49.01,46.39,53.02,52.53,53.62,57.44,58.28,61.51,60.22,64.35,61.37,65.99,71.69,73.25,73.72,72.93,68.34,62.55,63.93,66.75,65.33
Papua New Guinea,MtCO2e,37.96,38.96,40.01,41.07,41.95,45.47,44.89,59.44,45.88,47.02,48.40,48.32,49.12,49.11,50.57,49.40,49.16,48.96,48.09,48.18,48.18,56.23,56.92,58.10,59.67,62.33,63.03,63.11,63.62,63.47
Hungary,MtCO2e,90.72,85.68,75.79,76.26,75.99,74.30,76.51,74.82,74.74,75.52,72.54,75.44,73.79,76.52,75.35,74.66,73.95,71.77,70.39,64.55,64.51,62.83,58.95,56.59,56.89,59.82,60.78,62.81,62.90,62.48
Serbia,MtCO2e,79.56,69.09,62.85,57.52,53.57,60.06,67.44,72.45,72.07,54.92,57.71,26.16,29.52,32.73,37.96,31.42,33.63,32.57,30.33,27.87,27.40,64.48,59.63,60.35,52.34,58.66,62.87,63.27,61.50,61.86
Portugal,MtCO2e,57.74,59.47,63.51,62.42,64.33,68.09,66.50,68.82,74.02,80.72,80.24,78.64,83.66,78.82,80.70,83.78,78.52,77.13,74.87,74.08,68.68,66.40,64.70,63.02,62.61,66.72,66.88,71.85,66.75,61.70
South Sudan,MtCO2e,37.09,37.97,40.40,42.32,44.32,45.11,49.29,54.21,59.52,62.91,65.31,60.36,64.26,67.14,69.63,72.94,71.94,75.93,76.95,79.04,78.26,74.60,59.76,60.64,62.57,63.08,66.77,64.25,67.14,60.33
Mongolia,MtCO2e,34.33,36.57,34.34,33.13,31.33,32.25,31.57,33.73,33.36,33.46,34.62,31.34,29.54,29.30,29.10,31.86,34.77,37.50,37.72,38.80,36.07,38.82,42.18,44.63,47.10,48.65,50.97,53.86,55.74,59.15
Uganda,MtCO2e,30.34,31.00,31.34,31.67,31.33,32.15,33.08,34.56,35.93,35.63,35.46,35.11,36.12,38.08,38.19,40.18,38.81,41.40,47.92,48.68,50.36,50.34,51.97,51.88,52.95,54.91,56.13,57.15,58.68,59.15
Ireland,MtCO2e,54.02,54.55,54.72,55.37,56.79,57.60,58.95,60.38,63.67,65.39,68.59,71.17,70.42,70.68,69.90,71.16,71.75,70.01,69.05,63.80,62.44,58.70,60.07,59.12,59.29,61.18,63.20,62.70,60.90,58.68
Finland,MtCO2e,38.54,38.43,35.32,36.56,43.21,39.23,45.69,43.79,40.18,39.51,38.20,59.34,61.78,69.97,66.11,53.93,65.35,63.52,55.43,51.80,59.98,12.10,6.46,7.24,3.20,-0.28,63.65,60.86,62.43,58.42
Burkina Faso,MtCO2e,25.52,25.96,26.25,26.50,26.96,27.34,27.27,27.83,28.69,28.58,29.92,31.84,32.54,35.99,36.53,37.17,37.13,37.77,38.66,39.35,40.94,30.86,31.57,32.52,33.02,33.91,53.52,54.46,55.25,56.31
Chile,MtCO2e,28.09,27.04,28.54,31.09,35.10,39.00,45.49,52.71,53.75,56.63,52.66,31.74,32.43,33.16,38.52,39.17,40.41,48.15,53.01,50.50,55.63,16.91,19.32,22.52,15.25,21.32,48.81,50.93,49.87,55.33
Bahrain,MtCO2e,15.73,15.35,17.55,18.56,19.03,19.74,20.99,22.00,23.76,24.36,25.44,26.28,27.48,28.55,28.80,32.09,34.58,35.79,38.30,38.84,40.81,41.50,43.13,45.92,48.03,48.87,49.34,50.24,51.15,54.41
Azerbaijan,MtCO2e,74.10,71.66,80.74,60.12,40.79,39.91,34.33,33.83,34.23,34.44,36.18,35.38,35.44,38.13,38.26,41.06,42.90,41.48,45.83,41.32,40.21,41.99,45.20,46.41,47.78,47.67,48.94,48.33,49.78,52.89
Botswana,MtCO2e,54.33,53.74,53.97,53.63,53.86,54.76,56.11,55.66,55.38,55.37,55.06,56.89,57.23,50.12,50.73,52.14,53.96,52.21,60.95,51.86,62.29,67.14,54.43,55.38,54.09,53.52,52.43,56.22,54.01,52.34
CÃ´te d'Ivoire,MtCO2e,69.72,72.44,75.07,77.75,80.58,81.50,82.32,84.08,84.88,87.08,87.08,52.27,52.64,49.94,48.33,49.60,48.52,48.00,47.58,46.14,45.83,45.50,47.15,48.61,48.52,49.29,50.65,51.00,50.74,51.51
Syria,MtCO2e,64.35,72.59,76.27,78.99,82.30,85.88,88.33,89.30,93.18,92.56,92.63,91.84,93.17,93.33,88.62,99.05,101.67,104.65,105.20,101.55,102.70,96.65,77.32,54.06,48.33,46.26,47.45,51.39,48.26,48.48
Nepal,MtCO2e,20.20,20.45,20.17,20.98,21.94,23.00,23.16,23.56,24.20,25.60,25.89,23.43,22.62,23.75,23.83,24.55,24.10,24.21,25.57,27.42,28.65,36.71,38.13,38.80,40.23,39.41,44.97,45.95,48.96,48.37
Central African Republic,MtCO2e,46.57,46.89,46.94,46.98,49.48,49.61,38.25,41.55,46.75,43.02,44.24,52.36,48.19,62.24,51.24,57.62,56.57,58.82,58.52,47.78,55.27,57.77,53.08,51.71,48.84,50.84,58.03,53.24,53.30,46.58
Solomon Islands,MtCO2e,4.30,4.31,4.32,4.34,4.36,4.37,4.39,4.40,4.42,4.43,4.45,2.25,2.27,2.29,2.33,2.37,2.38,2.39,2.39,2.41,2.43,-17.06,-17.04,-16.99,-17.02,-17.04,46.27,46.30,46.33,46.36
Switzerland,MtCO2e,51.33,53.55,53.47,51.12,50.24,51.17,51.78,50.33,51.88,52.01,51.26,52.02,50.37,51.60,52.09,52.81,52.53,50.60,52.23,50.79,52.36,48.39,49.70,50.72,46.91,46.14,46.62,45.64,44.37,44.26
Mali,MtCO2e,17.14,17.08,17.11,17.31,17.55,17.88,18.11,18.86,22.86,23.89,24.16,21.34,21.57,22.32,24.59,25.50,25.84,26.79,28.24,28.61,30.85,31.70,32.30,33.60,34.15,35.55,39.99,40.98,42.31,44.16
Denmark,MtCO2e,69.19,80.01,73.80,76.43,80.07,76.91,90.40,80.70,76.70,73.80,70.00,71.41,70.73,76.25,70.04,66.32,74.05,69.27,65.75,62.86,63.14,55.79,50.70,52.12,47.94,45.93,50.28,47.97,47.43,44.06
Niger,MtCO2e,18.68,19.14,19.63,20.29,20.79,21.37,22.12,22.78,23.72,24.31,24.83,21.09,21.88,22.78,23.65,24.55,25.48,26.67,27.89,29.23,29.34,30.36,32.40,34.17,35.87,37.08,38.79,40.22,42.06,43.96
Somalia,MtCO2e,41.89,39.00,37.06,39.04,40.98,41.64,42.08,42.47,42.31,42.38,42.55,43.10,43.49,43.72,44.02,44.46,43.19,42.09,42.11,42.14,42.34,42.50,42.80,42.92,43.06,43.12,43.01,42.84,42.80,42.51
Guinea,MtCO2e,19.41,19.73,20.05,20.41,20.83,21.23,20.68,21.11,22.58,22.14,22.57,23.54,24.71,24.93,24.95,26.43,26.76,27.12,27.72,28.19,30.45,31.83,33.14,33.18,33.68,34.28,38.10,38.60,38.90,40.61
Madagascar,MtCO2e,54.98,55.01,55.27,55.66,55.42,55.92,56.55,55.93,57.13,56.83,55.54,47.63,45.26,47.75,46.64,50.76,49.38,50.83,49.57,50.59,51.25,39.22,39.93,38.84,38.70,39.48,40.40,39.59,39.67,40.22
Dominican Republic,MtCO2e,8.51,9.62,11.10,11.59,13.57,14.08,14.99,16.67,18.61,19.21,19.91,26.02,28.45,26.12,25.41,26.73,28.65,29.85,30.00,29.49,30.84,31.99,32.80,32.57,32.92,35.35,36.22,35.47,37.64,39.76
Laos,MtCO2e,19.38,19.29,19.60,19.62,19.98,20.03,20.38,20.03,21.76,20.43,20.31,20.79,21.88,22.46,26.72,23.99,23.09,27.97,23.60,25.00,28.65,21.53,23.42,24.68,24.85,29.52,37.79,39.37,39.26,39.42
Guatemala,MtCO2e,27.88,28.24,29.44,30.08,30.28,31.31,31.59,31.85,35.52,34.17,36.44,33.08,34.34,35.99,34.96,37.08,36.40,38.05,36.69,38.33,38.15,32.71,33.39,34.63,35.66,38.64,35.81,35.21,37.05,38.49
Nicaragua,MtCO2e,29.16,27.80,28.70,29.37,29.68,29.06,29.08,29.91,30.87,31.43,31.99,36.09,36.55,37.71,37.18,37.65,37.83,37.99,37.88,37.93,38.31,26.80,27.16,27.42,28.36,29.28,38.05,37.80,37.87,38.41
Cuba,MtCO2e,44.02,34.83,28.66,25.23,26.66,27.81,30.50,32.73,32.29,32.82,33.23,32.83,31.69,30.83,30.21,30.27,31.29,32.34,31.71,32.50,33.50,31.13,32.14,32.51,30.52,32.51,40.10,38.78,39.24,38.19
Sri Lanka,MtCO2e,28.54,28.39,30.16,30.47,31.25,31.37,31.27,29.28,26.79,26.21,25.45,23.07,23.96,25.14,25.28,27.22,25.64,26.56,26.81,25.97,27.23,28.22,29.77,27.22,30.00,33.89,35.79,36.38,35.61,37.90
Tunisia,MtCO2e,20.33,21.24,22.57,22.80,22.53,23.02,24.40,24.95,26.34,27.83,29.13,29.64,29.77,29.60,30.86,31.56,32.71,34.05,34.59,34.92,37.37,41.50,43.18,42.96,45.31,45.61,37.15,37.45,37.61,37.81
Slovakia,MtCO2e,57.24,49.16,46.63,44.00,41.32,41.90,41.91,41.77,40.63,39.17,36.55,38.19,37.74,38.00,37.31,38.14,37.70,36.74,36.77,33.13,34.66,33.95,31.59,32.25,29.61,30.04,37.44,39.37,38.81,37.00
Jordan,MtCO2e,18.63,19.08,21.83,22.56,23.66,23.29,22.52,22.04,21.24,20.31,20.88,20.98,21.77,22.35,23.96,25.48,26.28,27.78,27.04,27.78,27.52,28.46,32.02,32.34,34.49,34.96,35.26,37.07,36.21,36.57
Lebanon,MtCO2e,7.29,8.79,8.85,12.26,13.20,15.50,16.54,18.76,19.12,20.10,18.93,20.25,20.23,20.92,21.48,20.90,19.96,18.89,22.69,26.15,25.26,25.85,28.50,28.47,30.66,32.81,33.97,35.85,34.60,35.13
Uruguay,MtCO2e,15.41,17.02,18.63,19.16,19.05,19.25,20.58,20.29,19.88,20.94,19.07,21.93,22.24,23.13,25.04,25.21,27.34,26.30,28.88,28.43,26.03,30.67,31.53,30.54,30.03,29.87,35.33,34.57,34.47,34.36
Senegal,MtCO2e,18.10,18.40,18.84,19.09,19.41,19.69,20.93,21.42,22.62,24.81,24.78,23.91,23.37,22.68,24.81,25.53,25.94,26.09,27.03,27.50,28.54,27.61,27.18,28.36,28.90,29.82,31.79,31.93,32.33,33.60
Republic of Congo,MtCO2e,19.43,19.42,19.60,19.05,18.01,18.90,19.01,19.54,20.92,21.41,21.55,20.89,18.64,20.28,20.94,23.05,24.55,22.33,22.77,23.77,25.65,25.68,25.12,24.88,24.19,25.08,25.94,26.13,28.94,30.07
Sweden,MtCO2e,70.51,71.12,73.70,73.66,75.49,75.09,80.68,74.48,75.30,74.00,69.99,55.28,56.65,57.68,56.26,52.64,51.15,49.09,47.94,44.06,49.72,34.58,31.80,30.02,28.72,28.65,33.74,33.42,30.88,29.87
Afghanistan,MtCO2e,9.58,9.81,9.03,9.11,9.15,9.58,10.61,11.58,12.40,13.28,11.50,12.37,15.01,15.65,15.44,16.35,16.87,17.26,20.66,22.75,27.24,29.17,28.55,26.77,26.52,26.84,27.05,26.68,27.84,28.79
Trinidad and Tobago,MtCO2e,20.17,20.09,20.02,15.88,12.46,12.07,13.15,13.62,14.04,14.46,15.28,17.08,18.74,22.52,23.58,25.65,29.19,29.95,29.61,28.80,31.59,32.57,32.13,33.11,33.14,32.23,28.65,28.87,28.81,28.47
Honduras,MtCO2e,17.22,17.33,17.64,17.45,18.13,18.90,18.47,18.88,19.43,18.28,18.78,18.80,19.24,22.07,21.83,22.50,22.88,23.61,23.65,23.72,23.86,25.81,25.82,26.60,26.96,27.36,27.02,26.56,27.90,28.14
Norway,MtCO2e,31.08,28.48,28.70,31.15,33.10,33.06,33.23,34.97,36.22,38.19,32.63,25.06,24.56,26.59,26.88,25.84,26.14,26.45,25.14,24.71,28.59,30.56,29.36,30.27,29.94,30.33,29.78,28.77,28.59,26.98
Benin,MtCO2e,19.74,19.84,19.92,19.97,20.24,20.03,21.46,21.82,22.85,22.66,22.80,17.30,18.35,18.26,18.34,19.52,19.72,20.43,20.15,20.79,21.19,21.29,21.25,21.89,22.41,22.84,24.54,24.72,25.83,25.78
Panama,MtCO2e,13.85,14.34,15.01,15.27,15.56,15.76,15.75,15.69,16.77,15.91,16.00,15.78,15.05,15.34,15.34,16.99,17.52,17.53,17.64,19.23,19.86,20.96,21.66,21.64,22.07,22.06,22.29,21.74,21.90,25.30
Yemen,MtCO2e,17.80,19.55,20.11,21.45,26.31,27.48,28.13,29.90,31.16,33.89,36.86,38.15,38.23,41.80,42.24,44.57,45.86,46.60,46.36,49.56,52.17,48.94,44.50,54.09,52.32,29.46,23.90,23.84,23.86,25.26
Bosnia and Herzegovina,MtCO2e,33.53,30.81,23.49,20.07,9.64,9.55,10.58,15.49,18.31,18.27,22.05,18.71,18.86,19.39,20.46,21.15,23.05,24.20,26.13,26.38,26.41,25.48,23.69,23.47,20.95,21.17,25.73,26.00,26.01,24.50
Namibia,MtCO2e,false,19.82,19.77,19.74,19.94,20.05,19.92,19.76,20.48,20.51,21.32,21.31,19.92,20.57,21.06,21.65,22.99,22.36,20.90,23.82,23.23,28.21,29.75,22.93,22.18,22.29,22.86,23.04,22.17,21.22
Guyana,MtCO2e,9.61,9.79,9.78,9.92,10.22,11.00,11.38,11.71,11.86,11.93,11.62,12.37,12.26,12.53,12.93,12.56,12.36,12.67,12.82,12.85,13.11,20.84,21.09,21.24,21.44,21.59,18.99,19.05,19.26,19.80
Gabon,MtCO2e,13.88,14.90,14.86,15.19,15.95,17.14,18.10,17.90,18.99,18.02,17.57,17.14,16.54,17.75,17.41,17.10,15.90,15.21,15.92,15.60,16.48,19.75,19.35,19.59,19.92,20.39,20.80,19.37,18.89,19.68
Malawi,MtCO2e,11.67,11.86,11.86,12.00,11.60,11.82,11.90,11.86,12.11,12.14,12.11,12.14,12.51,12.98,12.85,13.17,13.17,13.70,14.34,14.17,15.16,15.17,15.63,15.73,16.30,16.71,17.21,17.45,18.90,19.34
Lithuania,MtCO2e,45.75,47.54,32.77,26.87,24.84,23.25,24.03,23.82,24.71,21.95,20.25,20.19,20.54,20.71,21.67,22.80,22.93,23.94,23.38,19.79,20.60,13.97,13.89,12.99,12.52,12.78,18.28,18.20,18.28,18.30
Croatia,MtCO2e,27.73,21.39,22.39,23.24,23.32,24.63,23.79,25.40,25.81,25.33,24.38,25.20,26.25,27.36,27.08,27.02,27.74,29.26,28.44,25.88,25.32,24.39,22.40,21.30,20.50,21.11,18.33,18.98,17.87,17.92
Georgia,MtCO2e,31.40,21.95,14.39,8.86,1.70,-1.36,-2.88,-3.70,-4.18,-4.43,-4.02,8.27,7.72,8.24,8.32,8.87,9.23,9.99,9.10,9.85,9.56,14.45,15.34,16.23,16.83,17.15,17.58,17.46,17.14,17.64
Bulgaria,MtCO2e,76.47,59.48,53.66,52.22,48.27,49.49,50.06,46.97,43.39,36.57,36.03,36.59,33.91,38.77,37.52,37.51,37.46,41.66,39.25,31.76,33.41,50.74,45.00,39.85,42.43,45.14,20.39,22.63,19.42,17.48
Tajikistan,MtCO2e,17.90,17.01,13.98,11.12,8.61,8.00,7.35,7.59,7.51,7.02,6.65,6.29,6.32,6.47,7.02,7.09,7.58,8.29,8.67,8.35,8.44,8.66,9.46,9.88,11.42,12.02,13.73,15.13,16.50,17.38
Slovenia,MtCO2e,7.90,6.89,6.61,7.35,7.40,8.23,9.03,9.50,9.24,8.58,8.38,7.19,7.27,7.23,7.44,7.69,8.02,7.99,8.97,6.99,7.29,16.12,15.51,14.88,13.38,13.48,17.26,17.45,17.32,16.81
Liberia,MtCO2e,14.38,14.26,14.29,14.28,14.28,14.29,14.21,14.26,14.34,14.25,14.30,14.30,14.30,14.43,14.47,14.55,14.78,14.63,14.61,15.44,14.89,15.08,15.17,15.16,15.81,16.52,15.81,15.69,15.53,15.87
Equatorial Guinea,MtCO2e,4.01,4.15,5.90,6.08,6.24,6.42,6.77,8.30,9.48,11.13,10.69,13.19,13.98,15.25,17.49,19.93,20.92,20.01,20.94,19.99,20.38,19.74,19.47,18.55,20.13,18.10,17.68,16.25,16.79,15.24
Estonia,MtCO2e,37.73,33.85,25.92,20.07,19.13,17.50,18.36,17.90,17.41,16.58,16.24,16.70,16.29,18.28,18.44,18.59,17.37,21.43,19.87,16.44,20.48,14.75,13.51,15.95,14.60,12.21,20.62,21.37,19.98,14.83
El Salvador,MtCO2e,7.95,8.73,9.11,9.58,10.20,10.47,10.41,11.27,11.39,11.60,11.20,11.85,12.08,12.65,13.01,13.40,13.88,14.45,13.89,13.52,13.27,13.18,13.34,12.59,12.86,13.33,13.33,12.59,12.92,13.92
Suriname,MtCO2e,6.11,6.47,6.58,6.52,6.56,6.68,6.79,6.77,6.83,6.89,6.18,6.60,6.06,6.29,6.64,6.82,6.77,6.66,6.85,6.99,7.32,11.86,12.34,12.19,12.60,12.71,14.08,13.63,13.27,13.83
Kyrgyzstan,MtCO2e,31.46,29.17,21.57,16.76,11.59,8.90,9.80,9.68,9.92,8.52,8.47,8.87,9.84,10.48,10.62,10.31,10.39,11.64,12.80,12.41,12.04,12.72,15.32,14.82,15.39,15.88,12.93,12.71,14.79,13.64
Moldova,MtCO2e,37.87,31.81,26.80,23.37,20.28,18.24,16.45,14.78,13.32,11.95,11.11,10.64,10.77,11.37,11.36,11.67,11.33,11.56,11.42,10.74,11.66,12.37,12.12,11.25,11.90,12.10,12.87,12.86,13.38,13.50
Mauritania,MtCO2e,7.17,7.40,7.24,7.46,7.35,7.48,8.00,8.31,8.69,9.20,9.59,9.78,9.92,9.99,10.07,10.05,10.74,10.84,9.99,10.97,11.42,11.49,12.02,12.10,12.59,13.53,12.11,12.30,12.70,13.21
Ghana,MtCO2e,21.97,22.05,22.58,22.80,23.14,23.49,24.38,25.69,29.28,28.05,28.40,62.80,64.05,64.55,63.40,65.64,66.85,67.09,66.85,68.02,69.81,55.38,57.97,60.02,59.55,61.02,7.24,9.30,10.94,12.75
Macedonia,MtCO2e,13.90,13.20,12.65,12.66,12.19,11.82,13.36,12.21,12.95,12.04,11.74,11.76,11.15,11.99,11.77,12.13,12.14,12.64,12.42,11.72,11.57,12.49,11.96,11.07,10.67,10.42,10.36,10.88,10.36,11.26
Haiti,MtCO2e,5.40,5.61,6.02,5.65,5.14,5.92,6.22,6.62,6.77,6.91,7.39,7.57,7.87,7.91,7.79,7.89,7.95,8.37,8.40,8.45,9.01,9.91,9.67,9.96,10.38,10.74,11.00,11.02,11.03,11.13
Luxembourg,MtCO2e,11.55,12.04,11.74,11.95,11.10,8.96,9.04,8.54,7.87,8.26,8.88,9.49,10.28,10.69,12.15,12.38,12.18,11.59,11.52,10.93,11.52,11.66,11.43,10.90,10.40,9.88,9.57,9.73,10.03,10.20
Jamaica,MtCO2e,9.37,9.37,10.18,10.38,10.42,10.76,11.10,11.24,11.80,12.12,12.24,9.39,9.56,9.99,9.90,9.86,11.07,10.99,8.58,6.83,6.44,9.19,8.67,9.13,8.94,8.83,9.27,8.92,10.34,10.15
Armenia,MtCO2e,24.54,25.14,14.95,8.72,6.16,6.77,5.71,6.32,6.25,5.75,6.12,6.23,5.90,6.32,6.72,7.44,7.84,8.49,9.01,7.87,7.69,8.13,9.12,9.06,9.05,9.08,9.45,9.29,9.48,10.00
Brunei,MtCO2e,6.30,6.51,6.80,7.22,7.51,7.90,7.87,8.49,11.83,7.54,7.96,7.91,7.87,9.02,8.47,8.32,11.03,10.54,11.40,11.20,10.49,9.83,9.80,9.58,9.56,8.77,9.42,9.83,10.14,9.63
Sierra Leone,MtCO2e,7.01,7.01,7.01,7.09,7.08,6.86,6.13,6.08,6.18,5.90,5.96,6.46,6.83,7.76,8.18,8.15,9.60,8.87,8.10,8.44,8.17,8.79,9.91,9.86,10.40,10.54,10.28,10.14,9.72,9.45
Latvia,MtCO2e,12.42,10.70,8.03,4.85,1.88,0.21,0.20,-0.37,-0.79,-1.44,-2.13,-2.78,-2.74,-2.59,-2.50,-2.33,-1.79,-1.36,-1.68,-2.46,-1.31,9.20,9.00,8.92,8.84,8.89,8.62,8.56,9.10,8.93
Albania,MtCO2e,11.30,8.96,6.95,6.92,7.74,7.58,7.29,6.58,6.81,8.02,8.40,7.00,7.63,7.97,8.05,7.83,7.73,7.75,7.48,7.52,7.78,8.49,8.04,8.09,8.52,8.38,8.85,9.42,9.22,8.77
Togo,MtCO2e,6.27,6.11,5.80,5.68,5.95,5.91,6.49,6.25,7.21,7.62,7.12,5.07,5.52,6.13,5.85,6.75,6.17,5.86,6.19,7.68,7.51,7.99,7.54,7.43,7.17,7.92,8.21,8.09,8.43,8.71
Costa Rica,MtCO2e,11.00,11.30,12.44,12.52,12.94,12.53,12.50,12.55,13.28,13.07,12.93,10.32,10.33,10.70,10.71,11.24,11.57,12.98,13.12,12.69,12.80,6.69,6.68,7.18,7.18,7.08,8.00,8.20,8.48,8.48
Cyprus,MtCO2e,5.37,5.90,6.33,6.60,6.85,6.74,7.13,7.21,7.54,7.82,8.09,7.81,8.04,8.71,8.65,8.76,8.90,9.23,9.45,9.27,8.95,8.64,8.13,7.42,7.82,7.90,8.35,8.49,8.31,8.29
Burundi,MtCO2e,7.20,7.26,7.26,7.24,7.14,7.31,7.34,7.41,7.45,7.56,7.61,5.49,5.48,5.47,5.52,5.59,5.74,5.81,5.94,6.08,6.43,1.71,1.79,2.20,2.18,2.21,7.50,8.11,8.35,8.04
Rwanda,MtCO2e,5.21,5.20,5.15,5.08,4.95,4.73,4.88,5.01,5.16,5.35,5.38,5.31,5.41,5.61,5.74,5.85,6.12,6.33,6.51,6.62,6.87,5.87,6.00,6.15,6.18,6.83,6.74,6.80,6.91,7.00
Belize,MtCO2e,13.18,13.39,13.61,13.68,13.78,12.69,11.53,10.54,9.56,8.40,7.39,4.13,4.24,4.47,4.06,4.19,4.23,4.42,4.38,5.41,4.57,7.22,6.89,6.87,6.76,6.99,6.75,6.81,6.74,6.85
Mauritius,MtCO2e,2.28,2.38,2.47,2.63,2.70,2.76,2.93,3.04,3.32,3.84,4.29,4.50,4.52,4.71,4.74,4.92,5.35,5.49,5.60,5.60,5.87,5.84,6.00,6.13,6.33,6.38,6.51,6.70,6.72,6.83
Eritrea,MtCO2e,4.12,4.14,4.85,4.44,4.63,4.75,5.28,5.78,5.72,5.90,6.01,5.73,5.68,5.83,5.84,5.86,5.62,5.95,5.89,5.94,5.85,6.06,6.15,6.22,6.27,6.31,6.46,6.54,6.72,6.78
Timor-Leste,MtCO2e,0.92,0.99,0.99,1.02,1.10,1.12,1.14,1.15,1.16,1.05,1.12,2.18,3.24,4.09,4.88,5.87,6.22,6.51,6.88,7.20,7.50,7.39,7.38,7.35,7.32,7.27,7.10,6.81,6.56,6.38
Guinea-Bissau,MtCO2e,3.19,3.20,3.24,3.27,3.29,3.32,2.97,3.01,3.23,3.58,3.28,3.45,3.59,3.68,3.69,3.64,3.93,3.93,3.69,3.76,3.90,3.82,4.24,4.00,4.10,4.34,4.12,4.09,4.18,4.21
Montenegro,MtCO2e,4.14,3.57,3.58,3.40,3.37,3.51,3.76,3.90,4.00,3.42,3.68,0.04,0.14,0.27,0.28,0.08,0.13,-0.08,0.36,-0.72,0.00,4.02,3.78,3.64,3.54,3.65,3.43,3.57,3.77,3.86
Barbados,MtCO2e,3.11,3.14,3.38,3.23,3.30,3.36,3.37,3.48,3.59,3.64,3.59,3.65,3.70,3.72,3.71,3.75,3.81,3.84,4.15,7.00,3.94,4.17,4.55,3.89,3.73,3.74,3.78,3.69,3.76,3.79
Bahamas,MtCO2e,2.18,2.26,2.79,2.32,2.29,2.43,2.35,2.15,2.67,2.63,2.56,2.44,2.63,2.60,2.54,2.38,2.37,2.38,2.52,6.47,2.37,2.92,3.85,3.17,2.83,2.53,2.39,2.57,3.13,3.18
Gambia,MtCO2e,5.04,5.20,5.31,5.43,4.96,4.49,4.15,3.83,3.56,3.49,3.13,2.60,2.38,2.28,2.19,2.06,2.14,2.20,2.34,2.70,2.74,2.43,2.51,2.58,2.72,2.88,2.77,2.80,2.66,2.86
Iceland,MtCO2e,3.36,3.24,3.04,3.00,3.08,3.01,3.27,3.24,3.38,3.35,3.39,3.23,3.29,3.26,3.33,3.29,3.76,3.77,3.66,3.33,3.21,2.96,2.95,3.11,3.18,3.23,2.75,2.81,2.83,2.77
Eswatini,MtCO2e,2.06,2.12,2.19,2.01,2.07,2.12,2.04,2.17,2.27,2.29,2.29,2.07,2.13,2.24,2.26,2.31,2.20,2.39,2.26,2.20,2.23,2.24,2.28,2.36,2.36,2.34,2.43,2.51,2.55,2.69
Maldives,MtCO2e,0.20,0.21,0.28,0.26,0.26,0.32,0.35,0.41,0.39,0.51,0.55,0.58,0.71,0.63,0.85,0.83,1.00,1.00,1.01,1.07,1.12,1.20,1.36,1.37,1.63,1.66,2.10,2.25,2.54,2.60
Lesotho,MtCO2e,1.96,1.96,2.12,2.09,2.06,1.99,1.94,1.92,1.91,2.37,2.29,2.27,2.09,2.15,2.09,2.26,2.20,2.27,2.21,2.30,2.31,2.38,2.44,2.32,2.30,2.34,2.36,2.52,2.53,2.53
Grenada,MtCO2e,1.84,1.86,1.92,1.91,1.93,1.96,1.99,2.02,2.06,2.07,2.07,2.10,2.13,2.15,2.14,2.16,2.19,2.21,2.24,2.76,2.26,2.29,2.40,2.32,2.26,2.29,2.31,2.33,2.37,2.39
Malta,MtCO2e,2.53,2.43,2.41,3.06,2.76,2.63,2.58,2.73,2.64,2.68,2.41,2.78,2.62,2.92,2.93,2.98,3.06,3.15,3.09,2.90,3.00,2.99,3.17,2.84,2.86,2.18,1.88,2.02,2.04,2.13
Djibouti,MtCO2e,0.91,0.93,0.95,0.97,0.98,1.05,1.07,1.12,1.20,1.23,1.22,1.23,1.26,1.28,1.27,1.31,1.31,1.35,1.36,1.36,1.41,1.38,1.41,1.48,1.33,1.40,1.36,1.36,1.36,1.38
Antigua and Barbuda,MtCO2e,0.35,0.37,0.45,0.42,0.43,0.45,0.48,0.51,0.56,0.58,0.60,0.64,0.70,0.74,0.75,0.78,0.85,0.91,0.96,1.92,1.03,1.09,1.26,1.05,1.06,1.09,1.12,1.15,1.19,1.22
Vanuatu,MtCO2e,0.48,0.50,0.52,0.55,0.55,0.56,0.58,0.58,0.58,0.59,0.57,0.55,0.55,0.57,0.56,0.57,0.58,0.70,0.70,0.69,0.71,0.73,0.73,0.73,0.79,0.77,0.82,0.82,0.86,0.87
Samoa,MtCO2e,0.44,0.45,0.45,0.47,0.49,0.50,0.52,0.52,0.54,0.54,0.54,0.57,0.58,0.58,0.60,0.62,0.61,0.61,0.58,0.59,0.62,0.64,0.64,0.65,0.67,0.71,0.78,0.79,0.78,0.79
Seychelles,MtCO2e,0.22,0.24,0.24,0.26,0.28,0.28,0.31,0.36,0.38,0.40,0.38,0.41,0.44,0.44,0.48,0.48,0.49,0.51,0.52,0.56,0.56,0.53,0.55,0.54,0.60,0.65,0.72,0.73,0.74,0.78
Cape Verde,MtCO2e,-0.29,-0.27,-0.24,-0.23,-0.25,-0.21,-0.23,-0.22,-0.19,-0.16,-0.14,0.34,0.38,0.41,0.45,0.55,0.61,0.57,0.59,0.64,0.67,0.66,0.63,0.61,0.61,0.61,0.66,0.68,0.71,0.75
Saint Lucia,MtCO2e,0.76,0.79,0.90,0.91,0.96,0.91,0.85,0.77,0.69,0.60,0.51,0.56,0.57,0.58,0.59,0.59,0.63,0.64,0.65,1.53,0.71,0.74,0.91,0.67,0.68,0.68,0.69,0.72,0.72,0.74
Comoros,MtCO2e,0.32,0.32,0.33,0.34,0.34,0.35,0.35,0.36,0.37,0.38,0.36,0.38,0.39,0.41,0.42,0.45,0.46,0.38,0.41,0.44,0.48,0.48,0.50,0.53,0.52,0.54,0.58,0.65,0.68,0.70
Andorra,MtCO2e,0.43,0.43,0.43,0.44,0.44,0.46,0.49,0.51,0.54,0.57,0.59,0.59,0.60,0.61,0.64,0.66,0.64,0.64,0.64,0.62,0.63,0.60,0.60,0.59,0.57,0.58,0.59,0.59,0.62,0.63
Sao Tome and Principe,MtCO2e,0.07,0.07,0.07,0.07,0.07,0.07,0.07,0.07,0.08,0.08,0.08,0.08,0.09,0.10,0.10,0.11,0.11,0.11,0.12,0.13,0.14,0.34,0.36,0.37,0.37,0.37,0.38,0.39,0.39,0.40
Bhutan,MtCO2e,-5.82,-5.78,-5.82,-5.81,-5.80,-5.72,-5.71,-5.72,-5.70,-5.64,-5.70,-5.75,-5.74,-5.73,-5.68,-5.57,-5.58,-5.51,-5.68,-5.61,-5.49,-0.04,0.06,0.03,0.06,0.11,0.26,0.30,0.37,0.36
Saint Kitts and Nevis,MtCO2e,0.18,0.19,0.23,0.21,0.23,0.23,0.24,0.25,0.27,0.27,0.28,0.29,0.32,0.31,0.32,0.31,0.32,0.34,0.34,0.80,0.34,0.38,0.43,0.32,0.32,0.33,0.34,0.34,0.35,0.35
Saint Vincent and the Grenadines,MtCO2e,0.11,0.11,0.15,0.15,0.17,0.18,0.18,0.19,0.23,0.22,0.20,0.28,0.31,0.31,0.32,0.33,0.33,0.35,0.34,0.97,0.33,0.35,0.44,0.31,0.35,0.33,0.34,0.31,0.34,0.34
Tonga,MtCO2e,0.25,0.26,0.25,0.26,0.26,0.26,0.24,0.24,0.24,0.25,0.23,0.23,0.23,0.26,0.26,0.27,0.28,0.26,0.26,0.28,0.26,0.25,0.25,0.26,0.26,0.26,0.30,0.33,0.31,0.31
Palau,MtCO2e,0.01,0.01,0.21,0.21,0.21,0.21,0.21,0.22,0.22,0.22,0.23,0.23,0.24,0.23,0.25,0.28,0.27,0.26,0.23,0.22,0.23,0.23,0.24,0.25,0.24,0.23,0.28,0.29,0.28,0.29
Marshall Islands,MtCO2e,0.03,0.03,0.11,0.11,0.12,0.12,0.12,0.12,0.13,0.13,0.13,0.14,0.15,0.15,0.16,0.17,0.17,0.18,0.17,0.17,0.18,0.18,0.18,0.18,0.19,0.19,0.22,0.23,0.23,0.23
Micronesia,MtCO2e,0.01,-0.02,0.09,0.09,0.09,0.15,0.15,0.16,0.16,0.17,0.17,0.19,0.18,0.19,0.20,0.20,0.18,0.18,0.16,0.17,0.15,0.16,0.17,0.18,0.19,0.20,0.22,0.22,0.22,0.23
Dominica,MtCO2e,0.24,0.24,0.26,0.26,0.26,0.26,0.24,0.25,0.25,0.24,0.25,0.21,0.17,0.19,0.20,0.21,0.22,0.24,0.24,0.56,0.24,0.24,0.31,0.23,0.24,0.24,0.23,0.22,0.22,0.22
Liechtenstein,MtCO2e,0.22,0.23,0.23,0.24,0.23,0.23,0.23,0.25,0.26,0.26,0.25,0.25,0.26,0.27,0.27,0.27,0.27,0.24,0.26,0.25,0.23,0.19,0.20,0.21,0.17,0.17,0.16,0.17,0.16,0.16
Kiribati,MtCO2e,0.04,0.04,0.04,0.04,0.04,0.05,0.05,0.05,0.05,0.05,0.05,0.05,0.06,0.07,0.07,0.09,0.10,0.08,0.09,0.08,0.08,0.08,0.08,0.09,0.09,0.09,0.10,0.12,0.12,0.12
Cook Islands,MtCO2e,0.03,0.03,0.03,0.04,0.04,0.04,0.05,0.05,0.05,0.05,0.05,0.06,0.06,0.06,0.07,0.08,0.08,0.08,0.08,0.07,0.08,0.09,0.09,0.09,0.09,0.08,0.09,0.10,0.10,0.10
Nauru,MtCO2e,0.13,0.13,0.12,0.12,0.12,0.11,0.11,0.11,0.10,0.10,0.09,0.09,0.08,0.07,0.07,0.08,0.05,0.05,0.05,0.05,0.05,0.04,0.05,0.05,0.06,0.06,0.07,0.07,0.07,0.07
Tuvalu,MtCO2e,0.02,0.02,0.02,0.02,0.02,0.02,0.02,0.02,0.02,0.02,0.02,0.02,0.02,0.02,0.02,0.02,0.02,0.03,0.02,0.02,0.02,0.02,0.02,0.02,0.02,0.02,0.02,0.02,0.03,0.03
Niue,MtCO2e,0.01,0.01,0.01,0.01,0.01,0.01,0.01,0.01,0.01,0.01,0.01,0.01,0.01,0.01,0.01,0.01,0.01,0.01,0.01,0.01,0.01,0.00,0.00,0.00,0.00,0.01,0.01,0.01,0.01,0.01
Fiji,MtCO2e,-0.82,-0.81,-0.77,-0.71,-0.66,-0.60,-0.56,-0.56,-0.60,-0.63,-0.59,-0.33,-0.50,-0.38,0.07,-0.12,-0.03,-0.14,-0.41,-0.41,-0.24,-0.29,-0.37,-0.25,-0.66,-0.54,-0.41,-0.22,-0.24,-0.16
Data source,Climate Watch
Data for,Location: World. Sectors/Subsectors: Total including LUCF. Gases: All GHG. Calculation: Total. Show data by Countries